,author id,created_at,geo,id,lang,like_count,quote_count,reply_count,retweet_count,source,tweet
0,1544151176,2022-10-12 11:17:35+00:00, ,1.58016E+18,en,0,0,0,0,Twitter for Android,@EmiratesSupport Thank you for your quick response. I have sent the required information.
1,128183810,2022-10-12 11:14:33+00:00, ,1.58015E+18,en,0,0,0,1,Twitter for Android,RT @smartykapu: @EmiratesSupport We have already Send our formal complaint.. Waiting for your revert..
2,66006408,2022-10-12 10:56:58+00:00, ,1.58015E+18,en,0,0,0,0,Twitter for iPhone,"@EmiratesSupport So being silver member where I have complimentary seat selection, I am restricted to select seats? https://t.co/FLVE2Xu3uY"
3,304316064,2022-10-12 10:26:11+00:00, ,1.58014E+18,en,1,1,0,0,Twitter for Android,"@EmiratesSupport @emirates have attempted booking a flight online 3x- all transactions showing up as ""failed"" on the website however it has been charged to the account? Please help"
4,1.16525E+18,2022-10-12 10:01:02+00:00, ,1.58014E+18,en,0,0,0,0,Twitter for Android,@EmiratesSupport did thanks
5,435665635,2022-10-12 09:56:40+00:00, ,1.58014E+18,en,0,0,1,0,Twitter for iPhone,"@EmiratesSupport extremely disappointed by the poor customer service offered by Emirates.
Response time and lack of communication is appalling. Perhaps you could DM me to help rectify this."
6,396047296,2022-10-12 08:49:13+00:00, ,1.58012E+18,en,0,0,0,0,Twitter for iPhone,@EmiratesSupport Please reply to DM
7,583210050,2022-10-12 08:49:11+00:00, ,1.58012E+18,en,0,0,1,0,Twitter for Android,"@EmiratesSupport Hi, can you please help me, Andrijana on WhatsApp support is not listening to what I am trying to tell her and being very unhelpful. I've been travelling 20+ hours and I'm tired! Can I speak to someone helpful please?! üôèüèæ"
8,396047296,2022-10-12 08:48:27+00:00, ,1.58012E+18,en,0,0,0,0,Twitter for iPhone,"@EmiratesSupport Please reply, the complaint was uploaded two months ago and no response"
9,44048805,2022-10-12 08:38:48+00:00, ,1.58012E+18,en,0,0,0,0,Twitter for iPhone,"@EmiratesSupport Hi Ive already submitted on the night of my arrival, I still have not received any reply."
10,19555252,2022-10-12 07:28:51+00:00, ,1.5801E+18,en,0,0,0,0,Twitter for iPhone,@EmiratesSupport Thank you
11,134525908,2022-10-12 06:07:29+00:00,70957ac3123b3249,1.58008E+18,en,0,0,0,0,Twitter for iPhone,"@EmiratesSupport Hello team, I have just received an acknowledgment on email. That‚Äôs all. No further details from your team yet. I know you will be handling thousands of such issues but can you please hint on a rough timeline when my case will be resolved. Thanks üôèüèª"
12,175415017,2022-10-12 05:11:13+00:00, ,1.58006E+18,en,0,0,0,0,Twitter for Android,"@EmiratesSupport 
I am planning to travel from Johannesburg,SA to Hyderabad, India and I am vaccinated. 
Can you please confirm still require covid test for my Travel"
13,1.57982E+18,2022-10-12 01:15:09+00:00, ,1.58E+18,en,0,0,0,0,Twitter Web App,"@EmiratesSupport Thanks for replying! I went to the link you shared and it took me to the help webpage but with no option to send a DM. There‚Äôs options like baggage, Dubai connect etc. How do I send you the info requested?"
14,1.06613E+18,2022-10-11 23:51:44+00:00, ,1.57998E+18,en,0,0,1,0,Twitter Web App,@EmiratesSupport extremely poor service‚Ä¶.. nit going to recommend anyone instead discourage everyone from flying Emirates in future
15,1.06613E+18,2022-10-11 23:50:47+00:00, ,1.57998E+18,en,0,0,0,0,Twitter Web App,@EmiratesSupport how can you not have charging points especially when it is known that T2 of dubai airport has disabled charging points all over
16,1.06613E+18,2022-10-11 23:49:41+00:00, ,1.57998E+18,en,0,0,0,0,Twitter Web App,@EmiratesSupport where was the ‚Äòluxury‚Äô experience that emirates promises? It was as if they decided to send us back in their oldest ever aircraft
17,1.06613E+18,2022-10-11 23:48:28+00:00, ,1.57998E+18,en,0,0,0,0,Twitter Web App,@EmiratesSupport pathetic experience on return flight EK -2124 from Dubai to New Delhi at 22:15 pm on 9 oct‚Ä¶. Flight was delayed‚Ä¶ had no charger‚Ä¶ no inhouse entertainment device.. no blankets‚Ä¶food was worse than domestic airlines
18,1.4353E+18,2022-10-11 23:10:35+00:00, ,1.57997E+18,en,1,0,2,0,Twitter Web App,@EmiratesSupport need help getting into skywards account
19,1.00713E+18,2022-10-11 22:53:10+00:00, ,1.57997E+18,en,0,0,0,0,Twitter for Android,@EmiratesSupport sorry to say what it mean emirates support for what when people ask help from ground staff they didn't in which dept of emirates I had send emails tweet when arrive on 27th Feb 2019 duty manager ground staff from hyd to dubai no one help till today even ceo also
20,1.49908E+18,2022-10-11 18:49:40+00:00, ,1.57991E+18,en,0,0,0,0,Twitter Web App,@EmiratesSupport @emirates worst customer service of any airline I have dealt with. No answers on refund request for delayed and lost baggage. Filing a complaint with the Department of Transportation next if no response.
21,1.16525E+18,2022-10-11 16:29:25+00:00, ,1.57987E+18,en,0,0,1,0,Twitter for Android,@EmiratesSupport I emailed my complaint a couple of times with no successful reply
22,392343143,2022-10-11 13:48:40+00:00, ,1.57983E+18,en,0,0,2,0,Twitter for iPhone,"@EmiratesSupport hi, your pet form wasn‚Äôt working online. Can you transport a small cat on the Dubai-Yangon route operated by Emirates and Bangkok Airlines? Thanks"
23,1.57982E+18,2022-10-11 13:30:55+00:00, ,1.57983E+18,en,1,0,0,0,Twitter Web App,"@EmiratesSupport I‚Äôm a caregiver to my elderly sick mom who has cancer. Her wish is to do Umrah. To fly she needs a lay flat seat cuz she‚Äôs always in pain, tired &amp; needs to lie down. Need help getting an affordable lay flat seat in Business/First Class to get to Mecca. Expensive"
24,3397083453,2022-10-11 12:20:21+00:00, ,1.57981E+18,en,0,0,1,0,Twitter Web App,@EmiratesSupport PLEASE would someone answer the phone in London????  I have been on hold for TOOOO LONG!!!
25,1.05557E+18,2022-10-11 12:08:31+00:00, ,1.57981E+18,en,0,0,1,0,Twitter Web App,"@EmiratesSupport  
Hi, just wondering how much does Emirates charge for extra luggage per kg. I am traveling from Chennai to Ireland."
26,1544151176,2022-10-11 11:06:26+00:00, ,1.57979E+18,en,0,0,1,0,Twitter for Android,@EmiratesSupport Hi. I tried to join your skywards program but filled in my name incorrectly and can't change it. I was told to use Live Chat but have been trying for almost 2 months and it is always busy and telling me to come back later and try again. Help please.
27,1.57978E+18,2022-10-11 10:44:37+00:00, ,1.57979E+18,en,0,0,0,0,Twitter for iPhone,@EmiratesSupport Hi I have a Partner Visa from UAQ FTZ. What is the new time limit to stay out of UAE for such Visa holders?
28,150044714,2022-10-11 09:56:20+00:00, ,1.57977E+18,en,0,0,1,0,Twitter for Android,@EmiratesSupport have submitted 2 complaints since the start of October. Any chance someone could respond to these emails?
29,2937665027,2022-10-11 08:40:56+00:00, ,1.57975E+18,en,0,0,1,0,Twitter for iPhone,"@EmiratesSupport  @DubaiAirports 65 days since my luggage is missing. Actually not missing, it has been located in @MumbaiAirport a month ago - instead of being sent to Kabul. Funny story - no one in @Emirates or in @Marhaba wants to take responsibility for the mistake https://t.co/GdIcXjDbM4"
30,136268587,2022-10-11 08:35:31+00:00, ,1.57975E+18,en,0,0,1,0,Twitter for iPhone,@EmiratesSupport @emirates  I asked for Fragile sticker and ended with this. Despite official complaint and follow up for 18 days there is no resolution timeline and not even single follow up call. This is way below expectations. https://t.co/gCPzWkeHJf
31,57622123,2022-10-11 08:19:58+00:00, ,1.57975E+18,en,0,0,1,0,Twitter for Android,@EmiratesSupport The reply is useless I cannot submit the form. I paid over ¬£3000 for my ticket and was delayed over 24 hours.. what characters are not acceptable ü§∑‚Äç‚ôÄÔ∏è https://t.co/ExdzMyujgU
32,1.0623E+18,2022-10-11 08:04:14+00:00, ,1.57974E+18,en,0,0,0,1,FDC TWEET MACHINE,RT @fatman73: @EmiratesSupport @emirates @EmiratesSupport ticket cancelled on 07th Oct. Still no word from @emirates on refund amount and r‚Ä¶
33,73192975,2022-10-11 07:59:43+00:00, ,1.57974E+18,en,0,0,0,0,Twitter for iPhone,@EmiratesSupport See you this Friday for the return trip back. üôÇ
34,2428570195,2022-10-11 06:27:45+00:00, ,1.57972E+18,en,0,0,1,0,Twitter Web App,"@EmiratesSupport Finally, almost 45 days after my bag was broken, I have an answer: please, wait 20 days more for a ""personalise response"". Seriously? @EmiratesSupport @emirates @facua https://t.co/UQmSUTN443"
35,1.51479E+18,2022-10-11 06:00:02+00:00, ,1.57971E+18,en,0,0,0,0,Twitter Web App,@EmiratesSupport I have now given up.  Possibly easy to take this to a small claims court when I return to Australia
36,1377246354,2022-10-10 23:32:26+00:00, ,1.57962E+18,en,0,0,0,0,Twitter for iPhone,@EmiratesSupport I have shared details in ur DM
37,1.43841E+18,2022-10-10 22:19:46+00:00, ,1.5796E+18,en,0,0,0,0,Twitter for Android,@EmiratesSupport I booked my flight from HYD-EWR for 3rd Nov using Student offer... I just wanted to know if I can merge the extra 10kg baggage allowance as per student offer in the luggage itself or do I need to carry an extra baggage of 10kg separately. Please reply!
38,1.49982E+18,2022-10-10 19:40:37+00:00, ,1.57956E+18,en,0,0,1,0,Twitter Web App,@EmiratesSupport Please respond to the DM
39,1.35886E+18,2022-10-10 19:32:43+00:00, ,1.57956E+18,en,0,0,0,0,Twitter for iPhone,@EmiratesSupport no one is replying..
40,1.35886E+18,2022-10-10 19:11:05+00:00, ,1.57955E+18,en,0,0,1,0,Twitter for iPhone,@EmiratesSupport please help I‚Äôm trying to upgrade my ticket and it‚Äôs not working!!
41,9.48191E+17,2022-10-10 19:03:14+00:00, ,1.57955E+18,en,0,0,0,0,Twitter for iPhone,@EmiratesSupport hi i have flight with reservation number #n83pms and i would like to modify the trip but i couldn‚Äôt from the apps so would u please help me on this
42,128183810,2022-10-10 18:12:30+00:00,7929cea6bd5b32bd,1.57954E+18,en,0,0,0,0,Twitter for Android,@EmiratesSupport waiting for your reply.. https://t.co/7fuPlutVcw
43,1.57626E+18,2022-10-10 17:49:46+00:00,1892c7261e52d39b,1.57953E+18,en,0,0,0,0,Twitter for iPhone,@EmiratesSupport With another pointless reply.
44,41884944,2022-10-10 17:16:19+00:00, ,1.57952E+18,en,0,0,1,0,Twitter Web App,@EmiratesSupport unable to redeem miles from my family account. can anyone help?
45,1.05628E+18,2022-10-10 17:13:02+00:00, ,1.57952E+18,en,0,0,0,0,Twitter for Android,"@EmiratesSupport DM'd all the necessary details.

Can I assume you won't ignore me for 2 months?"
46,1.49982E+18,2022-10-10 16:43:36+00:00, ,1.57951E+18,en,0,0,0,0,Twitter Web App,@EmiratesSupport I have DM you my details. Please look into it.
47,854348276,2022-10-10 16:42:18+00:00, ,1.57951E+18,en,1,0,0,0,Twitter for iPhone,"@EmiratesSupport @emirates can you please offer a solution, as I have paid for a meal and would like to enjoy one. https://t.co/5EZikn7T6D"
48,377522478,2022-10-10 15:46:06+00:00, ,1.5795E+18,en,0,0,1,0,Twitter for iPhone,@EmiratesSupport how do I retrieve a 72 hour held booking?
49,1.23505E+18,2022-10-10 14:04:55+00:00, ,1.57947E+18,en,0,0,0,0,Twitter for iPhone,"@EmiratesSupport still waiting since Friday afternoon to hear back from you baggage department in Bkk. I guess they are hoping I will just forget about this. THB1200 to replace a 6 month old suitcase which your handlers made unusable.
Worlds #1 airline, seriously ?? https://t.co/7NdDAZJINr"
50,56074476,2022-10-10 12:19:28+00:00, ,1.57945E+18,en,0,0,1,0,Twitter Web App,"@EmiratesSupport Are these apps needed to onboard flight for Dubai from India or are these needed thereafter in Dubai?

ALHOSN app and DXB Smart App

Asking since DXB Smart is not working."
51,16106460,2022-10-10 11:50:16+00:00, ,1.57944E+18,en,0,0,1,0,Twitter for Android,"@EmiratesSupport hi, If I only need to change flights in the airport and never leave the airport. I still need to apply for a transit visa?"
52,2349433324,2022-10-10 11:37:09+00:00, ,1.57944E+18,en,0,0,1,0,Twitter for iPhone,@EmiratesSupport Tried all morning to contact booking line to upgrade my holiday package. But call keeps hanging up..! How do I contact you??
53,8.37792E+17,2022-10-10 11:25:30+00:00,1b66f15d4efa136f,1.57943E+18,en,0,0,0,0,Twitter for Android,"@EmiratesSupport I know all this. And this is why I am asking why on Thursday 6th October Flight  EK346 I was made to wear a mask from Dubai to Malaysia. When Malaysia has no mask rules. The staff said, ""this flight you have to."" why?"
54,57622123,2022-10-10 09:58:41+00:00, ,1.57941E+18,en,0,0,1,0,Twitter for Android,"@EmiratesSupport I am still waiting for you to respond to my email.
This had been ongoing for sometime  .."
55,1.11277E+18,2022-10-10 07:36:23+00:00, ,1.57938E+18,en,0,0,0,0,Twitter for iPhone,@EmiratesSupport are you issuing a new My Emirates Pass for October?
56,223092706,2022-10-10 06:37:10+00:00, ,1.57936E+18,en,0,0,0,0,Twitter for iPhone,"@EmiratesSupport one week later and still no one can or will help with my booking due to an error on your part, no one on your team talks to each other or tries to resolve the situation, appalling customer service"
57,1.56721E+18,2022-10-10 06:31:31+00:00, ,1.57936E+18,en,0,0,0,0,Twitter for iPhone,@EmiratesSupport do you deliberately make your complaint forms with invalid characters to frustrate the customers who want to file a complaint just to give up because of the way you designed the form. What is invalid characters when comma or full stop is ONLY used.
58,41896586,2022-10-10 05:08:23+00:00, ,1.57934E+18,en,1,0,1,1,Twitter Web App,@EmiratesSupport I have booked and paid for Emirates Holiday almost one week ago. My flight is still showing as not ticketed yet even after all this time. I want to upgrade my flight with miles that are nearly expired. Why is it taking so long to issue the ticket?
59,101544354,2022-10-09 23:48:56+00:00, ,1.57926E+18,en,0,0,1,0,Twitter for iPhone,@EmiratesSupport   Hi I am a frequent flyer of emirates airlines I traveled from emirate‚Äôs airlines on 18th of May to JFK USA on arrival I found my one of my checkin baggage broken.I complain to your emirates counter at JFK .They give me complain no JFKD550185.Till date not solve
60,1.12635E+18,2022-10-09 17:45:27+00:00, ,1.57917E+18,en,0,0,1,0,Twitter Web App,"@EmiratesSupport - Hi, I have just booked my flight. I want to add a bassinet for my baby, but don't see the option to do that in ""manage booking"". Can you help me here?
@emirates"
61,1.37887E+18,2022-10-09 16:17:30+00:00, ,1.57914E+18,en,0,0,0,0,Twitter for Android,@EmiratesSupport Thank you.  My company paid for the ticket but I paid for the upgrades. I appreciate your help.
62,108527118,2022-10-09 15:08:12+00:00, ,1.57913E+18,en,0,0,1,0,Twitter for Android,"@EmiratesSupport @emirates
I have payment issue with Emirates india (chennai) which was never resolved for past 2 week. No proper response from customer care and chennai emirate office and customer care email.Very rude response from the person the person who attended the query."
63,1.37887E+18,2022-10-09 14:51:18+00:00, ,1.57912E+18,en,0,0,1,0,Twitter for Android,"@EmiratesSupport Hi, need refund of money - we missed our Shell Gas event because of cancelled flight.  What is best number for refund? Thank you."
64,1.17478E+18,2022-10-09 14:50:58+00:00, ,1.57912E+18,en,0,0,2,0,Twitter for iPhone,@EmiratesSupport @emiratesholsuk completely disgusted by the check in service @JumeirahBH!! Avoid for the time being! would not expect to be unable to access our room until 6.30pm( only after complaining) despite check in being 3pm!! Then get to the room and it not set up üò° x
65,1.29175E+18,2022-10-09 13:43:34+00:00, ,1.57911E+18,en,7,0,2,0,Twitter for Android,"@EmiratesSupport I'm not the type to complain on twitter but I'm on a 14 hour overnight flight and I can't turn off the entertainment screen. it crashed trying to play the safety video 2 hours ago

I can't call for help because you put the assistance button on the screen controls https://t.co/6cG1ohRaeH"
66,1.22183E+18,2022-10-09 11:42:31+00:00, ,1.57907E+18,en,1,0,1,0,Twitter Web App,@EmiratesSupport Does your holiday arm Rocketmiles reply to emails. I have submitted a complaint and reminder but not even an acknowledgment
67,1.11276E+18,2022-10-09 10:50:37+00:00, ,1.57906E+18,en,0,0,1,0,Twitter Web App,@EmiratesSupport I do not have a surname in my passport (its blank). Instead all my names are in the given names column in my passport. What should I put in the surname field when booking with Emirates?
68,116978276,2022-10-09 08:56:48+00:00, ,1.57903E+18,en,0,0,0,0,Twitter for iPhone,"@EmiratesSupport Have sent the details via DM. 
Seriously @emirates and @EmiratesSupport your service is pathetic. Spent the night at the airport. And the new tickets booked didn't even show up in JetBlue, I am at the mercy of God to make it back home. Pathetic!"
69,494110630,2022-10-09 06:31:51+00:00, ,1.579E+18,en,0,0,1,0,Twitter for iPhone,@EmiratesSupport Does 2 doses count as full vaccination schedule for 12-18 year olds seeing as they can‚Äôt receive the booster?
70,1.41426E+18,2022-10-09 04:03:53+00:00, ,1.57896E+18,en,0,0,0,0,Twitter for iPhone,"@EmiratesSupport I am flying from Bangalore to Manchester this evening from 20:50.
I‚Äôve been working in rural schools around Bangalore, helping to teach children digital skills, it has been incredible, but I‚Äôve been sleeping on the floor for 3 months, any chance of free upgrade?"
71,1.37887E+18,2022-10-08 23:56:19+00:00, ,1.5789E+18,en,0,0,2,0,Twitter for Android,@EmiratesSupport Hi is BOS to Dubai cancelled? Ek238
72,467788267,2022-10-08 18:45:59+00:00, ,1.57882E+18,en,0,0,1,0,Twitter for Android,"@EmiratesSupport Is rip off you client the concept in Emirates? i paid for a service &amp; got something else, despite sending complain 12 days ago but no reply."
73,259964705,2022-10-08 18:08:07+00:00,001907e868d06e24,1.57881E+18,en,0,0,1,0,Twitter for iPhone,"@EmiratesSupport Hey, i would like to see if it‚Äôs possible to change a flight? Online chat isn‚Äôt available üòî"
74,3304891435,2022-10-08 18:03:10+00:00, ,1.57881E+18,en,0,0,1,0,Twitter Web App,"@EmiratesSupport Transferring miles without concurring isn't a solution. As a student I suffered 5 days without my luggage and you're sending me miles? Where do you think I'm going to fly immediately with all these ""miles""?
#Emirates #customerservice #customerexperience"
75,1.41426E+18,2022-10-08 17:38:09+00:00, ,1.5788E+18,en,0,0,1,0,Twitter for iPhone,@EmiratesSupport @StuartIrving7 Can you please answer my DM please it‚Äôs urgent
76,1.41426E+18,2022-10-08 17:36:49+00:00, ,1.5788E+18,en,0,0,0,0,Twitter for iPhone,@EmiratesSupport Please can someone get back to me asap!! It‚Äôs urgent!! Please get back to me
77,1.44763E+18,2022-10-08 17:23:35+00:00, ,1.5788E+18,en,0,0,1,0,Twitter for iPhone,@EmiratesSupport hey how long until I can get through ???? This is really upsetting me - to put it politely https://t.co/hktURqiNK2
78,1.41426E+18,2022-10-08 17:13:13+00:00, ,1.5788E+18,en,0,0,0,0,Twitter for iPhone,@EmiratesSupport Please can someone answer me?
79,128183810,2022-10-08 17:07:40+00:00, ,1.57879E+18,en,0,0,0,1,Twitter for Android,@EmiratesSupport We have already Send our formal complaint.. Waiting for your revert..
80,1.41426E+18,2022-10-08 17:05:47+00:00, ,1.57879E+18,en,0,0,0,0,Twitter for iPhone,"@EmiratesSupport Hello, could someone get back to me please, I just want to ask one question"
81,1.41426E+18,2022-10-08 16:50:00+00:00, ,1.57879E+18,en,0,0,0,0,Twitter for iPhone,"@EmiratesSupport Hello, could someone please tell me what flight is available after flight I have currently"
82,134525908,2022-10-08 14:30:59+00:00,70957ac3123b3249,1.57875E+18,en,0,0,0,0,Twitter for iPhone,@EmiratesSupport Sure team. I have filled up the form. Looking forward to your support.
83,19822354,2022-10-08 14:28:02+00:00, ,1.57875E+18,en,0,0,1,0,Twitter for iPhone,"@EmiratesSupport are we able to add a pram in the hold for our 1yr old as part of our luggage allowance &amp; if so, can we hold on to it until boarding at the gate? London -&gt; Dubai &amp; vice versa"
84,351849952,2022-10-08 14:13:45+00:00, ,1.57875E+18,en,0,0,1,0,Twitter for iPhone,@EmiratesSupport I am vegetarian. What meal option should I choose. Don‚Äôt particularly want Indian as spicy.
85,89872369,2022-10-08 12:59:18+00:00, ,1.57873E+18,en,0,0,1,0,Twitter Web App,@EmiratesSupport Getting an error while checking in. I am entering my frequent flyer no. and still it throws this error. https://t.co/DL7vH4pBXj
86,1.1088E+18,2022-10-08 10:33:59+00:00, ,1.5787E+18,en,1,0,1,0,Twitter for Android,@EmiratesSupport Please check the DM
87,24971302,2022-10-08 10:26:40+00:00, ,1.57869E+18,en,0,0,0,0,Twitter for iPhone,@EmiratesSupport just had the most wonderful service from one of your colleagues named Shafik on here. #thankyou
88,1.52188E+18,2022-10-08 09:30:47+00:00, ,1.57868E+18,en,0,0,0,0,Twitter for iPhone,@EmiratesSupport Thank you for your quick response and really appreciate it.. I have filled this complaint form and received acknowledge email for the same. Have a great day
89,1.1088E+18,2022-10-08 09:28:42+00:00, ,1.57868E+18,en,0,0,1,0,Twitter for Android,"@EmiratesSupport
Hey there,
Can someone please get back to my DM ASAP?"
90,1.41426E+18,2022-10-08 08:58:14+00:00, ,1.57867E+18,en,0,0,1,0,Twitter for iPhone,"@EmiratesSupport 

Hello, I need some help with my flight today, could somebody get back to myself asap! URGENT!"
91,21663557,2022-10-08 08:47:46+00:00, ,1.57867E+18,en,0,0,1,0,Tweetbot for iŒüS,"@EmiratesSupport hello, does an American CDC vaccine card count as valid proof of vaccination for entering Dubai? If not, how do you recommend getting a QR code version?"
92,1.23505E+18,2022-10-08 08:45:49+00:00, ,1.57867E+18,en,0,0,0,0,Twitter for iPhone,@EmiratesSupport You have replied back with the usual ‚Äú please mail again and it will be reviewed again ‚Äú Why should I ? Emirates have made it quite clear their contempt for customers belongings. https://t.co/CXiKmB42qQ
93,494110630,2022-10-08 07:43:34+00:00, ,1.57865E+18,en,0,0,1,0,Twitter for iPhone,@EmiratesSupport @emirates can you help with some clarification please. I have a group of children travelling to Spain on Wednesday who have received 2 doses of vaccination (they are unable to get 3rd in dubai). Will they need a PCR test to enter Spain? üá™üá∏
94,1.57862E+18,2022-10-08 06:13:15+00:00, ,1.57863E+18,en,0,0,0,0,Twitter Web App,"@EmiratesSupport 
I will be the only one traveling from Japan to Iran next week.
However, the family has become corona positive.
I would like to cancel or change my reservation."
95,7.45184E+17,2022-10-07 20:51:04+00:00, ,1.57849E+18,en,0,0,1,0,Twitter for iPhone,"@EmiratesSupport I pay over ¬£5K for business and the baggage is supposed to be a priority, and yet I‚Äôm still here and no bags 45 minutes later. Booked my driver for 8.45 and it‚Äôs almost 10pm! https://t.co/CwcoWlTTkb"
96,7.45184E+17,2022-10-07 20:45:24+00:00, ,1.57849E+18,en,0,0,0,0,Twitter for iPhone,"@EmiratesSupport You‚Äôre on your last warning, why are you so crap at your customer service!"
97,1.22573E+18,2022-10-07 20:37:36+00:00, ,1.57848E+18,en,0,0,0,0,Twitter Web App,@EmiratesSupport please help as don't understand the rules. Travelling Islamabad (Pakistan) to UK with Emirates. My 17 year old is not vaccinated - does my child need a covid rt test/certificate doing before flying. Will only transit thru Dubai. Please kindly advise. Thank you
98,91070198,2022-10-07 18:22:31+00:00, ,1.57845E+18,en,0,0,0,0,Twitter for iPhone,"@EmiratesSupport Hello I have already done this, twice, via the email address also supplied. There is no option on the form you sent the link for, for compensation claims. All the information was sent on the emails to customer.affairs@emirates.com as recommended, therefore please use this."
99,1.36132E+18,2022-10-07 17:47:16+00:00, ,1.57844E+18,en,0,0,1,0,Twitter for iPhone,@EmiratesSupport @EmiratesSupport would be helpful if you get your complaints to respond. My emails are ignored. I have submitted written confirmation to Emirates to support my complaint.
100,2798651026,2022-10-07 15:52:57+00:00, ,1.57841E+18,en,0,0,1,0,Twitter for iPhone,@EmiratesSupport do business class passengers for your Gatwick flights get a priority security lane?
101,30877063,2022-10-07 15:37:17+00:00, ,1.57841E+18,en,0,0,1,0,Twitter Web App,"@EmiratesSupport good evening, whats happens with #EK148 #A6EOZ yesterday i've heard that there was an issue with engine4 when does it fly back to Dubai?"
102,91070198,2022-10-07 14:31:22+00:00, ,1.57839E+18,en,0,0,2,0,Twitter for iPhone,"@EmiratesSupport hello we were delayed 15 hours on Monday due to late flight from Mcr and therefore missed connection on Emirates at Dubai . Have emailed all details for compensation twice but no response, auto response or even an acknowledgement?"
103,9.30757E+17,2022-10-07 14:31:00+00:00, ,1.57839E+18,en,1,0,4,0,Twitter for Android,"@EmiratesSupport your airline charged extra money from my account for a flight i cancelled and even after coming back my account was debited more. + The third class service Emirates provided on the airline . When i cancelled the flight ,i even got refunded less. I need help"
104,1.37614E+18,2022-10-07 13:29:44+00:00, ,1.57838E+18,en,0,0,1,0,Twitter for Android,@EmiratesSupport Did you get my message? Still waiting for help booking seats please.
105,162007404,2022-10-07 13:24:03+00:00, ,1.57838E+18,en,0,0,1,0,Twitter Web App,"@EmiratesSupport I have 6500 miles, I want to use it to book a flight but its not working
Flight details - AMS -&gt; BOM"
106,1.57227E+18,2022-10-07 13:13:58+00:00, ,1.57837E+18,en,0,0,0,0,Twitter Web App,@EmiratesSupport DM'ed. Thank you.
107,306220282,2022-10-07 12:51:12+00:00, ,1.57837E+18,en,0,0,2,0,Twitter for iPhone,"@EmiratesSupport trying to get any help from Emirates after they changed my flight schedule is a joke, happy to take money but don‚Äôt have any customer support over one hour so far on hold https://t.co/QbsIFc1j2p"
108,14506539,2022-10-07 10:32:11+00:00, ,1.57833E+18,en,0,0,0,0,Twitter for iPhone,@EmiratesSupport Got the reply but that‚Äôs a bit unfair I think. Thanks
109,14506539,2022-10-07 09:49:57+00:00, ,1.57832E+18,en,0,0,1,0,Twitter for iPhone,@EmiratesSupport hi. I need some help with my booking. Sending dm. Tx @emirates
110,3153946198,2022-10-07 09:11:01+00:00, ,1.57831E+18,en,0,0,1,0,Twitter for Android,@EmiratesSupport no one is responding while I msg the company
111,40846787,2022-10-07 09:06:07+00:00, ,1.57831E+18,en,0,0,1,0,Echofon  Android,"@EmiratesSupport Hello, is there a way to contact you regarding a chauffeur booking, you phone lines and live chat are exceptionally busy!"
112,1.24711E+18,2022-10-07 08:29:08+00:00, ,1.5783E+18,en,0,0,0,0,Twitter Web App,@EmiratesSupport Would be a lot easier if you had customer service / complaints response team that would actually discuss complaints with customers and not make us feel like inane objections that just throw money at you
113,1.24711E+18,2022-10-07 08:25:53+00:00, ,1.5783E+18,en,1,0,1,0,Twitter Web App,@EmiratesSupport So don‚Äôt use any punctuation!? Who builds and manages your website if a simple text box cannot accept punctuation? @SeanGards ever known such a shambolic website?
114,505681075,2022-10-07 06:50:58+00:00, ,1.57828E+18,en,0,0,0,1,Twitter for iPhone,"RT @AnjuKapil90: @EmiratesSupport Hi Team, Emirates changed my trip start date stating operation reasons due to which my whole schedule is‚Ä¶"
115,4868231349,2022-10-07 05:58:36+00:00, ,1.57826E+18,en,0,0,1,0,Twitter for Android,@EmiratesSupport Thank you but i believe in helping myself. I have requested cancellation of my original booking and have instructed Amex to initiate chargeback gor the amount taken last night. My PNR is M7U5I6.
116,1.12011E+18,2022-10-07 04:34:45+00:00, ,1.57824E+18,en,0,0,1,0,Twitter for iPhone,@EmiratesSupport you changed my reservation without notice and you have not responded to my email that I sent. I am very disappointed and need some assistance with my request.
117,4868231349,2022-10-07 04:24:05+00:00, ,1.57824E+18,en,0,0,2,0,Twitter for Android,@EmiratesSupport shittiest experience in amending a flight reservation. Give me @IndiGo6E anyday.
118,8.04111E+17,2022-10-07 02:47:19+00:00,791e00bcadc4615f,1.57822E+18,en,0,0,1,0,Twitter for iPhone,@EmiratesSupport Im sure you could just forward my comments to your customer service team.
119,47488070,2022-10-07 02:26:54+00:00, ,1.57821E+18,en,0,0,0,0,Twitter for iPhone,@EmiratesSupport I emailed the store 4 days ago and still no reply‚Ä¶
120,354832338,2022-10-07 02:21:56+00:00, ,1.57821E+18,en,1,0,0,0,Twitter for iPad,"@EmiratesSupport Thanks very much, however, this was last updated in July, and things have moved on a fair bit since then."
121,505681075,2022-10-06 21:47:17+00:00, ,1.57814E+18,en,1,0,2,1,Twitter for iPhone,"@EmiratesSupport Hi Team, Emirates changed my trip start date stating operation reasons due to which my whole schedule is now impacted. Can I request a change in my return date as well without any charge as it is not my fault at all!!! #customersupport #Emirates #consumerrights"
122,1.34865E+18,2022-10-06 21:45:15+00:00, ,1.57814E+18,en,0,0,0,0,Twitter for iPhone,"@EmiratesSupport, hi I need urgent help  as need to change  my tickets I was trying to call the helpline since morning but could not get through. Is there any other way to contact ??"
123,29182131,2022-10-06 21:23:30+00:00, ,1.57813E+18,en,0,0,0,0,Twitter for Android,"@EmiratesSupport Yeah pointless. Saying you can't book a hotel stay nor upgrade... this is basic EU regulation EC 261.... a flight cancellation of over 24 hrs and more than 3,500km"
124,29182131,2022-10-06 20:33:48+00:00, ,1.57812E+18,en,0,0,0,0,Twitter for Android,"@EmiratesSupport @emirates is this how the ""best airline"" in the world treats their passengers? You will be sued for mishandling all this. I read your terms and conditions"
125,29182131,2022-10-06 20:32:57+00:00, ,1.57812E+18,en,0,0,0,0,Twitter for Android,@EmiratesSupport my elderly mother is suffering in Amsterdam airport and you took only first and business class people to the hotels and left everyone.. SHAME ON YOU
126,1.24711E+18,2022-10-06 18:24:47+00:00, ,1.57809E+18,en,0,0,1,0,Twitter Web App,@EmiratesSupport any particular reason why your website is so shit? Online forms telling me to only use ‚Äúvalid characters‚Äù like I‚Äôm a cartoonist. Your site is shit and your customer service is abysmal
127,1.47586E+18,2022-10-06 15:39:46+00:00, ,1.57805E+18,en,0,0,2,0,Twitter for Android,"@EmiratesSupport @emirates can you advise why we are now being quote ¬£900+ for a room which, when we booked were told was included? https://t.co/tbMzz3bONr"
128,485533631,2022-10-06 15:12:38+00:00, ,1.57804E+18,en,0,0,0,0,Twitter for iPhone,@EmiratesSupport I sent a dm nearly 12 hours got a generic reply? Please respond!
129,87455130,2022-10-06 14:46:47+00:00, ,1.57803E+18,en,0,0,0,0,Twitter for iPhone,@EmiratesSupport is there anybody there ?
130,87455130,2022-10-06 14:46:09+00:00, ,1.57803E+18,en,0,0,0,0,Twitter for iPhone,@EmiratesSupport An automated message is NOT a reply.
131,2217852890,2022-10-06 13:53:49+00:00, ,1.57802E+18,en,0,0,0,0,Twitter for iPhone,"@EmiratesSupport You told me to contact Rome FCO airport to collect my backpack from Lost and Found. Now, they told me to hire my own courier service but DHL refuses to collect from the airport. I am willing to bear the charges but I need my backpack from Rome in New Delhi!!"
132,150714612,2022-10-06 12:56:00+00:00, ,1.57801E+18,en,0,0,0,0,Twitter for iPhone,@EmiratesSupport can you provide me with a number that I can call in the UK to query why my flight has been changed and why I wasn‚Äôt notified about this?! Very unimpressed!
133,87455130,2022-10-06 11:11:11+00:00, ,1.57798E+18,en,0,0,0,0,Twitter for iPhone,@EmiratesSupport With more empty promises üôàüôÑ
134,87455130,2022-10-06 10:58:18+00:00, ,1.57798E+18,en,0,0,0,0,Twitter for iPhone,@EmiratesSupport what a joke 3 weeks trying to speak to someone. You can get through if you want to book a new holiday no bother. üôÑ customer service non existent. Shocking !
135,1.44763E+18,2022-10-06 10:44:50+00:00, ,1.57797E+18,en,1,0,0,0,Twitter Web App,@EmiratesSupport thanks for the reply @EmiratesSupport !
136,1.36132E+18,2022-10-06 10:40:59+00:00, ,1.57797E+18,en,0,0,2,0,Twitter for iPhone,"@EmiratesSupport clearly whoever was investigating the complaint doesn‚Äôt really comprehend what has happened. Passenger denied boarding reason no transit visa for Dublin to enter the UK.
Dublin immigration has confirmed in writing no transit visa required. Joke"
137,7.45184E+17,2022-10-06 10:23:40+00:00, ,1.57797E+18,en,0,0,0,0,Twitter for iPhone,@EmiratesSupport That‚Äôs great 30 working days when I needed assistance almost a week ago!
138,817954987,2022-10-06 09:48:29+00:00, ,1.57796E+18,en,0,0,1,0,Twitter Web App,"@EmiratesSupport Hi, we are flying economy from LGW to DXB on 15th October. What are our luggage allowances? Your website says 23kg hold + 7kg in the cabin. My ticket from you just says 30kg with no reference to either hold or cabin and my ticket from my TA says 20kg. Thanks"
139,65564223,2022-10-06 06:29:02+00:00, ,1.57791E+18,en,0,0,1,0,Twitter for iPhone,@EmiratesSupport I have been mailing for flight delay compensation but no one is responding till now. Please let me know  when can I get a proper reply.
140,485533631,2022-10-06 04:41:22+00:00, ,1.57788E+18,en,0,0,1,0,Twitter for iPhone,@EmiratesSupport sent you a dm Janine
141,169334926,2022-10-06 04:37:50+00:00, ,1.57788E+18,en,0,0,0,0,Twitter Web App,@EmiratesSupport @EmiratesSupport i have DM'd u. but no one seems to reply.  can u please help in this regard?
142,130448008,2022-10-06 02:34:23+00:00, ,1.57785E+18,en,0,0,1,0,Twitter for iPhone,@EmiratesSupport Have replied to message. Please check
143,3278147418,2022-10-06 01:48:35+00:00, ,1.57784E+18,en,0,0,0,0,Twitter for Android,"@EmiratesSupport Thanks for the support, hope it will get resolved asap :)"
288,24369653,2022-10-13 06:47:39+00:00,53b67b1d1cc81a51,1.58045E+18,en,0,0,1,0,Twitter for Android,@EmiratesSupport Thanks - which lounge should we use as our flight is 14:20 ?
289,1.50727E+18,2022-10-13 06:26:55+00:00, ,1.58044E+18,en,0,0,2,0,Twitter for iPhone,@EmiratesSupport I had a package sent to me and I have spoken to 2 agents and they have scammed me of my money without sending the package üì¶ but taking money almost 200k now
290,66006408,2022-10-13 05:18:55+00:00, ,1.58043E+18,en,0,0,0,0,Twitter Web App,"@EmiratesSupport Thank you for you response team. I was not able to do this via the app. But some reason I was able to select seats via web and then the app started working again.

Thank you again for getting back to me. Love your promptness always."
291,30834722,2022-10-13 01:10:43+00:00,0118c71c0ed41109,1.58037E+18,en,0,0,1,0,Twitter for iPhone,@EmiratesSupport hi support - trying to change flights for next year through both the app and the website but keep getting an error message - any idea when this will be fixed so I can change flights? Thanks
292,135717127,2022-10-12 19:20:23+00:00, ,1.58028E+18,en,0,0,0,0,Twitter for iPhone,"@EmiratesSupport Hi team, can you please advise if the miles can be used to purchase lounge access in Dubai ?"
293,1.57982E+18,2022-10-12 18:37:08+00:00, ,1.58027E+18,en,0,0,0,0,Twitter Web App,"@EmiratesSupport OK, I have sent you a DM here."
294,48993398,2022-10-12 18:29:00+00:00, ,1.58026E+18,en,0,0,1,0,Twitter for iPhone,@EmiratesSupport But we tried booking it as soon as we could! Nothing!
295,1.57982E+18,2022-10-12 18:12:17+00:00, ,1.58026E+18,en,0,0,1,0,Twitter Web App,"@EmiratesSupport Hi. This is not helpful because there‚Äôs no particular email on the link you shared, nor any form to fill. Please give me an email address that I can send the details to. I would need help getting a more affordable fare."
296,152002270,2022-10-12 18:11:29+00:00, ,1.58026E+18,en,0,0,1,0,Twitter for Android,"@EmiratesSupport I have received a mail and responded - thereafter sent reminder, however there is no response from Emirates end. How much more time required?"
297,23233951,2022-10-12 17:52:03+00:00, ,1.58025E+18,en,0,0,1,0,Twitter for iPhone,"@EmiratesSupport hello, I‚Äôm flying London to Sydney with a few hours stopover in Dubai. Do I need to wear a face mask on board the flight and in Dubai airport? I looked on website and it had two different answers. Thank you."
298,1.30091E+18,2022-10-12 17:39:37+00:00, ,1.58025E+18,en,0,0,1,0,Twitter Web App,@EmiratesSupport Shame on you! @emirates @EmiratesSupport  You guys did not help me at all. All I ask for is a bassinet for my 2 month old or atleast let me book another flight without a hefty penalty. But @emirates is so shameless that you want to make money off of a baby. https://t.co/naQyONEniB
299,9.77182E+17,2022-10-12 16:46:55+00:00, ,1.58024E+18,en,0,0,1,0,Twitter for iPhone,@EmiratesSupport our luggage is missing. Flight number EK0510. PIR DELA702176. Please help.
300,2757341914,2022-10-12 16:20:08+00:00, ,1.58023E+18,en,0,0,1,0,Twitter for iPhone,"@EmiratesSupport hi there i‚Äôm looking to bring my PS5 onboard a flight from Heathrow to Dubai and then Dubai to Jakarta in my checked in luggage, is that ok?"
301,1.05557E+18,2022-10-12 16:18:36+00:00, ,1.58023E+18,en,0,0,1,0,Twitter Web App,"@EmiratesSupport Hi, just wondering how much does Emirates charge for extra luggage per kg. I am traveling from Chennai to Ireland."
302,24369653,2022-10-12 14:32:50+00:00, ,1.5802E+18,en,0,0,1,0,Twitter for Mac,@EmiratesSupport - flying from BHX on Sunday 14:20 business class - when is the Emirates lounge open? If closed which lounges can be used?
303,1.36132E+18,2022-10-12 14:00:13+00:00, ,1.5802E+18,en,0,0,0,0,Twitter for iPhone,@EmiratesSupport @EmiratesSupport @emirates  worst airline ever
304,41399671,2022-10-12 13:30:43+00:00, ,1.58019E+18,en,0,0,0,0,Twitter for iPhone,@EmiratesSupport i am having issues attempting to book a flight and the seats are running out. Can you offer a good contact number thanks
305,91286286,2022-10-12 13:05:39+00:00, ,1.58018E+18,en,0,0,0,0,Twitter for iPhone,@EmiratesSupport Thank you. Submitted.
306,73858716,2022-10-12 12:41:36+00:00, ,1.58018E+18,en,0,0,2,0,Twitter for Android,@EmiratesSupport Any updates on this issue?
307,120763246,2022-10-12 12:13:39+00:00, ,1.58017E+18,en,0,0,0,0,Twitter for iPhone,"@EmiratesSupport hi, I‚Äôm having a very bad day. My dog just died üòø 
Can you get me a free upgrade on flight EK0010- Daniel Nolan seat 75F.
Thank you üòº‚ô•Ô∏è"
310,66006408,2022-10-12 10:56:58+00:00, ,1.58015E+18,en,0,0,1,0,Twitter for iPhone,"@EmiratesSupport So being silver member where I have complimentary seat selection, I am restricted to select seats? https://t.co/FLVE2Xu3uY"
311,304316064,2022-10-12 10:26:11+00:00, ,1.58014E+18,en,0,1,1,0,Twitter for Android,"@EmiratesSupport @emirates have attempted booking a flight online 3x- all transactions showing up as ""failed"" on the website however it has been charged to the account? Please help"
312,1.16525E+18,2022-10-12 10:01:02+00:00, ,1.58014E+18,en,0,0,1,0,Twitter for Android,@EmiratesSupport did thanks
314,583210050,2022-10-12 08:49:11+00:00, ,1.58012E+18,en,0,0,2,0,Twitter for Android,"@EmiratesSupport Hi, can you please help me, Andrijana on WhatsApp support is not listening to what I am trying to tell her and being very unhelpful. I've been travelling 20+ hours and I'm tired! Can I speak to someone helpful please?! üôèüèæ"
316,44048805,2022-10-12 08:38:48+00:00, ,1.58012E+18,en,0,0,1,0,Twitter for iPhone,"@EmiratesSupport Hi Ive already submitted on the night of my arrival, I still have not received any reply."
319,175415017,2022-10-12 05:11:13+00:00, ,1.58006E+18,en,0,0,1,0,Twitter for Android,"@EmiratesSupport 
I am planning to travel from Johannesburg,SA to Hyderabad, India and I am vaccinated. 
Can you please confirm still require covid test for my Travel"
325,1.4353E+18,2022-10-11 23:10:35+00:00, ,1.57997E+18,en,0,0,2,0,Twitter Web App,@EmiratesSupport need help getting into skywards account
398,2327625587,2022-10-15 12:00:47+00:00, ,1.58125E+18,en,0,0,1,0,Twitter for iPhone,"@EmiratesSupport  shame on you , 1 hours waiting in dubai airport to checkin , only 3 employees for to many passengers"
399,294322880,2022-10-15 11:29:55+00:00, ,1.58125E+18,en,0,0,0,0,Twitter for iPhone,@EmiratesSupport Fine. I‚Äôll resend the feedback via email. But can you check the feedback I‚Äôve shared via DM on my last trip? It‚Äôs still there with no response.
400,294322880,2022-10-15 10:50:55+00:00, ,1.58124E+18,en,0,0,1,0,Twitter for iPhone,@EmiratesSupport Literally in your DMs.
401,1.10927E+18,2022-10-15 10:49:49+00:00, ,1.58124E+18,en,0,0,0,0,Twitter for Android,"@EmiratesSupport hey there, my cousin is travelling from Italy to india via dubai, could you please tell me if he can carry both laptop bag and hand bag? And what's the maximum luggage limit he is travelling in economic class"
402,223186685,2022-10-15 08:31:55+00:00, ,1.5812E+18,en,0,0,1,0,Twitter Web App,@EmiratesSupport @emirates can't select seats for Flight EK087 / 17 Oct / DXB - ZRH . App &amp; Web shows error .. currently online check in is Open .. but error continue üò• .. any help from technical team ..plzz !! https://t.co/SKEaSXNBmW
403,7.36888E+17,2022-10-15 08:04:10+00:00, ,1.58119E+18,en,0,0,1,0,Twitter for Android,@EmiratesSupport Any update please
404,295537506,2022-10-15 08:03:30+00:00, ,1.58119E+18,en,0,0,0,0,Twitter for iPhone,@EmiratesSupport Already done! Just gone so #poor used to be a supreme #service but not this time! #letdown
405,59572808,2022-10-15 01:26:57+00:00, ,1.58109E+18,en,0,0,1,0,Twitter for iPhone,@EmiratesSupport I had a bad flight to Milan.  Don‚Äôt see an email id to write to. Can I have an email ID please?
406,206205238,2022-10-14 19:42:31+00:00, ,1.58101E+18,en,1,0,2,0,Twitter Web App,"@EmiratesSupport We had a flight cancellation in August. Emirates staff didn't care rebook. They made us to make our own arrangements. The CS guy said they will refund the expenses for another the flight. I have opened a claim and called the CS multiple, no repose #badservice"
407,206205238,2022-10-14 19:39:27+00:00, ,1.58101E+18,en,1,0,0,0,Twitter Web App,"@EmiratesSupport We had a flight cancellation in August. Emirates staff didn't care rebook. They made us to make our own arrangements. The CS said they will refund the expenses for another flight.   It's already two months now, no response. Totally irresponsible service...."
408,1.53804E+18,2022-10-14 19:28:05+00:00, ,1.581E+18,en,0,0,0,3,Twitter Web App,RT @DeborahKnipe: @EmiratesSupport good morning! Can you tell me if it is possible to request a child‚Äôs meal for an infant? Our little boy‚Ä¶
409,7.43348E+17,2022-10-14 17:32:31+00:00, ,1.58097E+18,en,0,0,0,0,Twitter Web App,@EmiratesSupport I thought you would take my mobile and call and take details and apologize . You ask me to fill up another detailed form and waste more time on you. HAHAHAHa. this shows your attitude towards your customers. Am just use and throw customer.
410,1785583254,2022-10-14 16:50:47+00:00, ,1.58096E+18,en,0,0,0,1,twitter.php,RT @ExploreWithErin: @EmiratesSupport I know all this. And this is why I am asking why on Thursday 6th October Flight  EK346 I was made to‚Ä¶
411,181349768,2022-10-14 16:12:30+00:00, ,1.58095E+18,en,1,0,2,0,Twitter for iPhone,"@EmiratesSupport I booked all my flights within 1.5 weeks with your airline (4flights all business) and it‚Äôs been one headache after another. Including $650 incremental cost for you cancelling your flight. I‚Äôve called, emailed and now on social media- how will you rectify this?"
412,224391160,2022-10-14 16:08:22+00:00, ,1.58095E+18,en,0,0,0,0,Twitter for iPhone,@EmiratesSupport @emirates @EmiratesSupport we have sent an email Ref: DXB/X/CG/051022/7819719 and the customer service reply is not acceptable the whole experience of the trip reported is not what #emirates brand name stand for . We expect to speak to someone k. Charge and not automated replies
413,132959211,2022-10-14 15:39:12+00:00, ,1.58095E+18,en,0,0,1,0,Twitter for iPhone,@EmiratesSupport But delhi airport security staff throw my E-vape last time flight!
414,73350801,2022-10-14 14:31:40+00:00, ,1.58093E+18,en,0,0,0,0,Twitter for iPhone,@EmiratesSupport Done that already. Lack of empathy is the one which pushed me to tweet.
415,1.00713E+18,2022-10-14 14:09:25+00:00,7929cea6bd5b32bd,1.58092E+18,en,0,0,0,0,Twitter for Android,@EmiratesSupport sorry to say what emirates support  till today date they didn't support being award winning airlines why they are not giving my free ticket as complaint them several time.
416,1.53807E+18,2022-10-14 13:55:24+00:00, ,1.58092E+18,en,0,0,0,3,Twitter Web App,RT @DeborahKnipe: @EmiratesSupport good morning! Can you tell me if it is possible to request a child‚Äôs meal for an infant? Our little boy‚Ä¶
417,1.53797E+18,2022-10-14 13:41:14+00:00, ,1.58092E+18,en,0,0,0,3,Twitter Web App,RT @DeborahKnipe: @EmiratesSupport good morning! Can you tell me if it is possible to request a child‚Äôs meal for an infant? Our little boy‚Ä¶
418,106452870,2022-10-14 12:32:59+00:00, ,1.5809E+18,en,0,0,0,0,Twitter for iPhone,@EmiratesSupport Bit late considering it was back in May
419,1.46532E+18,2022-10-14 11:36:33+00:00, ,1.58089E+18,en,0,0,1,0,Twitter for iPhone,@EmiratesSupport vfs is not working and their live chat as with your live chat is not working! Is there any other way to get a visa or do I have to use another airline.
420,1.43299E+18,2022-10-14 11:21:20+00:00, ,1.58088E+18,en,0,0,0,1,Twitter for Android,RT @chrisfroome: @EmiratesSupport Thank you so much for resolving the issue! Much appreciated üôè
421,1.11886E+18,2022-10-14 10:35:22+00:00, ,1.58087E+18,en,0,0,1,0,Twitter Web App,"@EmiratesSupport really disappointed with the customer support, I‚Äôve raised 4 tickets over 3 months and haven‚Äôt had a response since the first complaint."
422,1.56575E+18,2022-10-14 09:56:02+00:00, ,1.58086E+18,en,0,0,0,0,Twitter for iPhone,@EmiratesSupport @syedf2101 Do you have any timeframe of when you hope to restart flights to Afghanistan?
423,309189443,2022-10-14 09:18:52+00:00, ,1.58085E+18,en,1,0,1,0,Twitter for iPhone,@EmiratesSupport is your website down I am trying to log on to Emirates Holidays?
424,753330991,2022-10-14 08:57:08+00:00, ,1.58085E+18,en,1,0,2,0,Twitter for Android,@EmiratesSupport Thanks.. i had already completed this form once but have done it again. I do need a response and resolution prior to my return flight.
425,7.36888E+17,2022-10-14 08:55:20+00:00, ,1.58084E+18,en,0,0,1,0,Twitter for Android,@EmiratesSupport Can someone please help me with this LHRA701629. It's been 3 days I lost my baggage in airport belt.. I haven't received any update. This bag very much important to me. Please help me.
426,1.1594E+18,2022-10-14 07:41:46+00:00, ,1.58083E+18,en,0,0,0,0,Twitter for iPhone,@EmiratesSupport put more staff on your query lines at the airport. For the 2nd time in 1 month I‚Äôm standing 15 mins waiting for your check in staff to get through to the upgrade lines. It‚Äôs a joke
427,18866566,2022-10-14 07:19:35+00:00, ,1.58082E+18,en,0,0,1,3,Twitter Web App,"@EmiratesSupport good morning! Can you tell me if it is possible to request a child‚Äôs meal for an infant? Our little boy will be 18 months when we travel so won‚Äôt have his own seat, can we request a child‚Äôs meal though? Many thanks!"
428,326883322,2022-10-14 06:51:13+00:00, ,1.58081E+18,en,0,0,0,9,Twitter for iPhone,RT @chrisfroome: @EmiratesSupport just tried to check in for our flight Saturday and your system has decided that my 4 and 6 year old shoul‚Ä¶
429,1.57978E+18,2022-10-14 06:46:57+00:00, ,1.58081E+18,en,0,0,0,0,Twitter for iPhone,"@EmiratesSupport So If a guy with Partner visa comes and he is going back to UAE after more than 180 days, would you give him Boarding Pass?  2/2. I have tried contacting you DM many times but no response.  Very disappointing."
430,77401466,2022-10-14 05:28:23+00:00, ,1.58079E+18,en,0,0,0,9,Twitter for Android,RT @chrisfroome: @EmiratesSupport just tried to check in for our flight Saturday and your system has decided that my 4 and 6 year old shoul‚Ä¶
431,8.73713E+17,2022-10-14 04:46:56+00:00, ,1.58078E+18,en,1,0,2,0,Twitter for iPhone,"@EmiratesSupport have just boarded a 14 hour flight from DBX to JFK having booked and paid for extra legroom, to be allocated a normal seat. Would love to speak to someone to rectify this please ü¶µüèΩ üè†"
432,9.46792E+17,2022-10-14 04:07:52+00:00, ,1.58077E+18,en,0,0,0,0,Twitter for iPhone,@EmiratesSupport I did what you asked but they did not do what you exactly mentioned.
433,362409087,2022-10-14 03:40:27+00:00, ,1.58077E+18,en,1,0,3,0,Twitter Web App,@EmiratesSupport  - As per news Emirates is starting its Dubai - BLR-Dubai using A380 from Oct-14th 2022. But I do not see any option to ticket from Blr to Dubai in A380. Neither your website nor any travel website shows this big flight. How I can book ticket for this flight?
434,7.43348E+17,2022-10-14 03:33:24+00:00, ,1.58076E+18,en,0,0,1,0,Twitter Web App,@EmiratesSupport Your staff is very curt and rude..no doubt about it. They wear  a scornful expression.
435,7.43348E+17,2022-10-14 03:32:14+00:00, ,1.58076E+18,en,0,0,1,0,Twitter Web App,"@EmiratesSupport Ur dear  staff at Manchester airport made me  stand 2 hrs to reach the counter to get boarding pass. Then  was informed, to fill in covid declaration form online, which I did not fill as I did not know. I asked her that give me 10 minutes"
436,7.43348E+17,2022-10-14 03:13:18+00:00, ,1.58076E+18,en,0,0,0,0,Twitter Web App,"@EmiratesSupport They will only say ""sorry"". How will it do good my torture. Unless you plan to refund my ticket cost for this torture, as penalty for bad https://t.co/5oybeiTwXX set a new precedent in the industry. Your advertising is very impressive but your staff is pathetic"
437,9.46792E+17,2022-10-14 02:55:21+00:00, ,1.58075E+18,en,0,0,1,0,Twitter for iPhone,@EmiratesSupport I get that now calling is not allowed but I was unable to use internet at the peak time of the festival for which I purchased
438,1.00713E+18,2022-10-14 02:04:03+00:00, ,1.58074E+18,en,0,0,0,0,Twitter for Android,@EmiratesSupport since 2019 Feb till today they didn't support says emirates support.sorry to say being award winning airline has his own prestige in world for his hospitality.but ground staff completely handicap not helpfull.i had return to all dept even to chairman  n ceo but.
439,19380773,2022-10-14 01:05:07+00:00, ,1.58073E+18,en,0,0,0,0,Twitter for iPhone,@EmiratesSupport @EmiratesSupport @emirates the ticket number I have shared should have all the details. Right now - your Bangalore office says its gone to claims department and nobody is responding to emails. Both these emails EKBIF@emirates.com and MHBBLREK@emirates.com
440,7.16704E+17,2022-10-14 00:05:35+00:00, ,1.58071E+18,en,0,0,0,0,Twitter Web App,@EmiratesSupport quick question is the second pilot in the cockpit called First officer
441,316429080,2022-10-13 23:17:06+00:00, ,1.5807E+18,en,1,0,1,0,Twitter for iPhone,"@EmiratesSupport @emirates taking a flight to Cape Town, please check the attitude of the person on the gate called Amor. She is anything but Amor. Horrible staff member."
442,106452870,2022-10-13 22:41:12+00:00, ,1.58069E+18,en,0,0,1,0,Twitter for iPhone,@EmiratesSupport please don‚Äôt leave my special meal in London for tomorrows flight like you did back in May and I was stuck with just lettuce for my dinnerüò≠
443,1.16877E+18,2022-10-13 22:40:35+00:00, ,1.58069E+18,en,1,0,2,0,Twitter for iPhone,"@EmiratesSupport Hi, I've checked in but unable to get window seat. Could you help me to get one?"
444,1.43299E+18,2022-10-13 22:31:42+00:00, ,1.58069E+18,en,0,0,0,9,Twitter for Android,RT @chrisfroome: @EmiratesSupport just tried to check in for our flight Saturday and your system has decided that my 4 and 6 year old shoul‚Ä¶
445,1.30091E+18,2022-10-13 21:01:44+00:00, ,1.58067E+18,en,0,0,0,0,Twitter Web App,@EmiratesSupport @emirates @EmiratesSupport the DM says that you won't help me and that you are happy to many make off of my little baby's suffering. Shame on you Emirates. #flyshittier #shameonemirates
446,1.12011E+18,2022-10-13 19:25:11+00:00, ,1.58064E+18,en,0,0,1,0,Twitter Web App,@EmiratesSupport was extremely responsive in addressing my concerns regarding a reservation that I had made....  Thanks again to the entire team for your help...
447,141573395,2022-10-13 17:16:16+00:00, ,1.58061E+18,en,0,0,1,0,Twitter for iPhone,@EmiratesSupport There is no help from @emirates. They are asking me to change flight. Will you pay for changes in my domestic flight? Just give me Lounge or hotel for 8 and half hours layover. #WorstAirline #Worstservice. They want my small child to be awake whole night.
448,63525135,2022-10-13 16:26:42+00:00, ,1.5806E+18,en,10,0,2,1,TweetDeck,@EmiratesSupport Thank you so much for resolving the issue! Much appreciated üôè
449,141573395,2022-10-13 16:24:18+00:00, ,1.5806E+18,en,0,0,1,0,Twitter for iPhone,@EmiratesSupport There has been no help. @emirates increase the transit time in Dubai from 2 hours to 8 and half hours and not even giving a lounge access. Do you care about customers? Is this professionalism? #WorstAirline #Worstservice.
450,2763560839,2022-10-13 15:20:15+00:00, ,1.58058E+18,en,0,0,0,9,Twitter for Android,RT @chrisfroome: @EmiratesSupport just tried to check in for our flight Saturday and your system has decided that my 4 and 6 year old shoul‚Ä¶
451,943384068,2022-10-13 15:12:05+00:00, ,1.58058E+18,en,0,0,0,9,Twitter for iPhone,RT @chrisfroome: @EmiratesSupport just tried to check in for our flight Saturday and your system has decided that my 4 and 6 year old shoul‚Ä¶
452,3263048880,2022-10-13 14:59:33+00:00, ,1.58057E+18,en,0,0,0,9,Twitter for iPhone,RT @chrisfroome: @EmiratesSupport just tried to check in for our flight Saturday and your system has decided that my 4 and 6 year old shoul‚Ä¶
453,1.22099E+18,2022-10-13 14:48:35+00:00, ,1.58057E+18,en,0,0,0,9,Twitter for Android,RT @chrisfroome: @EmiratesSupport just tried to check in for our flight Saturday and your system has decided that my 4 and 6 year old shoul‚Ä¶
454,1904927719,2022-10-13 14:45:52+00:00, ,1.58057E+18,en,0,0,0,9,Twitter for Android,RT @chrisfroome: @EmiratesSupport just tried to check in for our flight Saturday and your system has decided that my 4 and 6 year old shoul‚Ä¶
455,63525135,2022-10-13 14:19:36+00:00, ,1.58056E+18,en,290,0,19,9,Twitter for iPhone,@EmiratesSupport just tried to check in for our flight Saturday and your system has decided that my 4 and 6 year old should be sitting on opposite ends of the plane away from my wife and I üòµ‚Äçüí´
456,368507870,2022-10-13 13:32:24+00:00, ,1.58055E+18,en,0,0,1,0,Twitter for iPhone,@EmiratesSupport I am in Dubai for medical treatment and it appears that I am going to have to stay a little longer do to unforeseen events. Can I change without a fee please?
457,141573395,2022-10-13 13:29:37+00:00, ,1.58055E+18,en,0,0,1,0,Twitter Web App,@EmiratesSupport @emirates changes flight citing operation issues and increased the layover in Dubai from 2 hours to 8 and half hours. And saying that access our lounge with a fee? Are you kidding? This is your mistake. You must give a hotel/sleeping/lounge access. #worstAirline
458,753330991,2022-10-13 11:47:23+00:00, ,1.58053E+18,en,0,0,1,0,Twitter for Android,@EmiratesSupport i sent a message from my account in your app 7 days ago to report my baggage was badly damaged on my recent flight but have received no response. Please contact me as I fly again next week but my bag is unfit to use. Thanks
459,1.58052E+18,2022-10-13 11:35:04+00:00, ,1.58052E+18,en,0,0,1,0,Twitter for Android,@EmiratesSupport I'd like to talk about my disappointment of my recent flight
460,1.05628E+18,2022-10-13 11:29:31+00:00, ,1.58052E+18,en,0,0,0,0,Twitter for Android,@EmiratesSupport @AWPatel Do you ever resolve any issues @emirates @EmiratesSupport ??please respond ot my wife and I regarding the crazy extra charge you took from us over 2 months ago now!
461,19380773,2022-10-13 11:22:26+00:00, ,1.58052E+18,en,0,0,2,0,Twitter for iPhone,@EmiratesSupport My baggage is lost from 1 month. I have not received an update- BLREK13672. What kind of service is this from a so called premium airline like Emirates?
462,1.57275E+18,2022-10-13 08:45:33+00:00, ,1.58048E+18,en,0,0,1,0,Twitter for Android,@EmiratesSupport Check DMs please @EmiratesSupport
463,1.56204E+18,2022-10-13 08:31:55+00:00, ,1.58048E+18,en,1,0,1,0,Twitter for Android,"@EmiratesSupport Hi I am unable to get confirmation email for the booking that I made last night. Ref:HI4BUF
Can someone look into this and advise me."
596,author id,created_at,geo,id,lang,like_count,quote_count,reply_count,retweet_count,source,tweet
597,1293530507309965320,2022-10-19 12:35:05+00:00, ,1582711934431817733,en,0,0,0,0,Twitter for iPhone,@EmiratesSupport It‚Äôs like boomerang. You guys ask details and say contact customer care. Customer care say contact flight crew members
598,35179551,2022-10-19 11:39:17+00:00, ,1582697894200496131,en,0,0,1,0,Twitter for iPhone,@EmiratesSupport Been days since I did as you asked still no response except an acknowledgment of receipt of complaint! When will you take account of your actions and why do customers only have to retort to social media to be heard! Do better @EmiratesSupport @emirates
599,1222267527063121922,2022-10-19 11:38:47+00:00, ,1582697768899923968,en,0,0,0,0,Twitter for Android,"@EmiratesSupport @NatashasLegacy Appreciate can't guarantee, however it seems I can't even look at the allergens list to ascertain if 'May Contain' or not. I'm prepared myside with medication etc. all other dietary considerations seems to be catered for."
600,2935263391,2022-10-19 10:56:28+00:00, ,1582687120015077376,en,0,0,1,0,Twitter for Android,@EmiratesSupport Hello i am traveling from spain to dubai.I am dubai resident and my 2nd dose of vaccination was done on 21st april 2022 from uae. Do I need to have negative pcr with me??
601,885003445765378048,2022-10-19 05:08:13+00:00, ,1582599476447178752,en,0,0,1,0,Twitter for Android,"@EmiratesSupport  Hello. Good morning .Next month, I m traveling to Dubai from India. Is it mandatory to add Passport details in my Vaccination certificate ? Kindly Clear my doubt."
602,261261302,2022-10-19 04:34:30+00:00, ,1582590991034613760,en,0,0,1,0,Twitter Web App,"@EmiratesSupport Hi team, I have sent you the desired details via DM. Please help us with the GST invoices ASAP."
603,1556824246579609603,2022-10-19 03:53:37+00:00, ,1582580702360797185,en,0,0,1,0,Twitter for iPhone,"@EmiratesSupport No, I do not need help with a booking. I will not use your services again, until you correct and train your staff. Like I said, I want an email address of MR Al Redha or someone in CS team that will listen. Thank you"
604,1283966208,2022-10-19 02:33:20+00:00, ,1582560499539267585,en,0,0,1,0,Twitter for iPhone,"@EmiratesSupport  can i fly to Dubai from ghana, although I live in Lagos..will i be stopped by airline or immigration."
605,65670150,2022-10-19 02:31:43+00:00, ,1582560094126211072,en,0,0,1,0,Twitter for iPhone,"@EmiratesSupport hi emirates, please kindly respond to my dm, thank you."
606,1328264822350176256,2022-10-19 02:02:32+00:00, ,1582552750063173633,en,0,0,1,0,Twitter Web App,@EmiratesSupport are your check-in staff updated and clear about requirements for flying into Hong Kong? Twice we were subjected in the UK to over-zealous check-in staff insisting we had to present PCR test certificates after HK govt cancelled this on Sept 23.
607,3233859865,2022-10-19 01:08:39+00:00, ,1582539190260015105,en,1,0,2,0,Twitter Web App,@EmiratesSupport what number can I call from NY to rebook a flight that was canceled due to covid last year?
608,877420908,2022-10-18 19:51:46+00:00, ,1582459441458253825,en,1,0,3,0,Twitter Web App,"@EmiratesSupport Trying to book a flight using my Family miles for part payment, but it is only showing my balance as miles to spend on the flight, not our full family balance, which I can see on the dashboard.  Can you help?"
609,495801929,2022-10-18 19:39:03+00:00, ,1582456240508391424,en,0,0,0,0,Twitter Web App,@EmiratesSupport Thank you!
610,1554557324899061770,2022-10-18 18:30:56+00:00, ,1582439100111814656,en,0,0,0,0,Twitter for Android,@EmiratesSupport @ryantaylorbmx So if the flight was cheaper you would refund the difference?
611,1447933770808664071,2022-10-18 17:55:34+00:00, ,1582430202134945792,en,0,0,1,0,Twitter for iPhone,@EmiratesSupport hello can you please respond to my DM?
612,1906098230,2022-10-18 15:20:16+00:00, ,1582391117286211584,en,0,0,0,1,Twitter Web App,RT @srudrangi: @EmiratesSupport We had a flight cancellation in August. Emirates staff didn't care rebook. They made us to make our own arr‚Ä¶
613,144767094,2022-10-18 14:44:13+00:00, ,1582382044176273408,en,0,0,1,0,Twitter for Android,@EmiratesSupport @EmiratesSupport No updates sofar
614,75519822,2022-10-18 14:39:27+00:00, ,1582380846023311363,en,0,0,1,0,Twitter for Android,@EmiratesSupport Sure. Have done that I am hoping for a speedy response on this.
615,261261302,2022-10-18 12:40:51+00:00, ,1582350997242118144,en,0,0,1,0,Twitter Web App,"@EmiratesSupport Hi team, We need GST invoices for E-tickets - 176-5240562080, 176-5240562081 and 176-6746715802. We can see the invoices in our GSTR. Please provide the soft copies of the tax invoices."
616,75519822,2022-10-18 11:02:58+00:00, ,1582326367215316992,en,1,0,1,0,Twitter Web App,@EmiratesSupport @emirates have been following up since a couple of months since my baggage's were completely broken and mishandled by your team. Commit from your airport counter was resolution in a few weeks. Claim no - ( PIR ) - BOMD650233. Can we have a timeline ?
617,233269455,2022-10-18 10:41:20+00:00, ,1582320923394252800,en,1,0,2,0,Twitter Web App,@EmiratesSupport Morning Emirates. What is your policy for seating families on your flights? Can toddlers sit away from their adults?
618,44342273,2022-10-18 09:43:31+00:00, ,1582306371797536768,en,141,0,2,0,Twitter for iPhone,@EmiratesSupport It doesn‚Äôt help. And I‚Äôm not happy being ripped off. Now what can you do? ü§£
619,197401034,2022-10-18 08:27:51+00:00, ,1582287331536429062,en,0,0,1,0,Twitter for iPhone,@EmiratesSupport Shall I send you this via DM?
620,197401034,2022-10-18 08:12:56+00:00, ,1582283577517277184,en,1,0,1,0,Twitter for iPhone,"@EmiratesSupport Have already done this a week ago and heard absolutely nothing. Will be second complaint as stated in first tweet , because raised totally unacceptable issues with your cabin crew during and after my flight. Complaint was then raised with cabin manager Marcus who escalated??"
621,197401034,2022-10-18 08:08:37+00:00, ,1582282489661640704,en,1,0,3,0,Twitter for iPhone,@EmiratesSupport how do I actually get any response from yourselves. Made a complaint with cabin crew heard nothing. Made complaint via email heard nothing. Fly emirates fly better. Don‚Äôt think so somehow . But your slogan for customer service could be make complaint hear nothing
622,495801929,2022-10-18 07:24:19+00:00, ,1582271340937383936,en,1,0,1,0,Twitter Web App,"@EmiratesSupport Hi, are we allowed to carry a week's supply of gym supplements such as Omega 3, Creatine and a Joint Support supplement (powder form) in small containers on a flight to the UAE?"
623,336459594,2022-10-18 06:46:50+00:00, ,1582261906693558272,en,0,0,0,0,Twitter for iPhone,@EmiratesSupport I did it three times. First and second time I got Skywards miles and apologies. Third time I‚Äôve been COMPLETELY ignored. The service is getting worse and worse every time! In Narita airport the lounge is closed. You charge crazy amounts of money and you close the lounge!!!!
624,1582051881148350464,2022-10-18 02:32:06+00:00, ,1582197802599591936,en,0,0,1,0,Twitter Web App,"@EmiratesSupport My ticket No -  607 7827277856 JetBlue-Emirates . 
My baggage report reference # BOMA697858
Tag no # B6472176/77
Flight No. details - 1284 - EK204 - EK506 . With the abv ticket # I cannot file complain on emirates website"
625,81640034,2022-10-18 01:17:44+00:00, ,1582179087824875520,en,0,0,0,0,Twitter for Android,@EmiratesSupport @makemytrip @Rajesh_Magow @HHAhmedBinSaeed I understand Emirates don't have option now.why are you providing the control to worthless travel Agency who doesn't care. Why can't Emirates have an option in ur website or app wer we can book shuttle directly?
626,128859366,2022-10-17 23:07:36+00:00, ,1582146337025318912,en,0,0,0,0,Twitter for iPhone,@EmiratesSupport NCEEK12614 Even though I gave it many times to your colleagues!
627,370240266,2022-10-17 21:59:55+00:00, ,1582129306506928128,en,1,0,1,0,Twitter Web App,"@EmiratesSupport Since DM is needed for you to initiate enquiry into this, I‚Äôve DM‚Äôed you the same information as well."
628,1243164268385710080,2022-10-17 21:11:08+00:00, ,1582117026549534720,en,0,0,1,0,Twitter for iPhone,@EmiratesSupport I have Emirates Skywards gold card. Am I allowed up to 3 check-in luggages for no fee and do I need to request ahead of time? TIA
629,978364621571665921,2022-10-17 20:25:13+00:00,5028e25dc94f3898,1582105474840731648,en,1,0,1,0,Twitter for iPhone,"@EmiratesSupport I think I left my kindle on one of your planes, how can I get in touch?"
630,1548943174248398850,2022-10-17 19:37:36+00:00, ,1582093491714240512,en,1,0,2,0,Twitter for iPhone,"@EmiratesSupport @emirates Asking for a friend, any tips on how to get upgraded on a flight to Dubai? üëÄ"
631,10080082,2022-10-17 17:50:05+00:00, ,1582066430291611648,en,1,0,0,0,Twitter Web App,@EmiratesSupport Thanks!
632,2831627402,2022-10-17 17:05:04+00:00, ,1582055102017200135,en,1,0,2,0,Twitter for Android,"@EmiratesSupport Is there a SLA of 'As soon as possible'. It's almost a month now since I first raised the issue and there is no response from you.
Pathetic experience. I regret to choose you over other airlines."
633,1582051881148350464,2022-10-17 17:01:06+00:00, ,1582054103965872144,en,0,0,1,0,Twitter Web App,@EmiratesSupport - I am unable to register complain on your feedback page. Emailed to customer care but no response.
634,1582051881148350464,2022-10-17 17:00:20+00:00, ,1582053912814661633,en,0,0,1,0,Twitter Web App,"@EmiratesSupport   MCO-JFK-Dubai-Mumbai -delayed baggage.
Ticket No -  607 7827277856 JetBlue-Emirates . 
Baggage Ref # BOMA697858
Tag no # B6472176/77
Flight #  1284 - EK204 - EK506
Bags delivered after my return to the US. Compensate $500 for 2 news bags, clothes,accessories"
635,361671182,2022-10-17 16:24:38+00:00, ,1582044929773416451,en,0,0,1,0,Twitter for iPhone,@EmiratesSupport I have to even buy clothes for survival.. you do not understand my condition seriously and being very insensitive about it but not trying to provide the interim relief atleast until you find the luggage back to me.
636,361671182,2022-10-17 16:22:33+00:00, ,1582044402662666240,en,0,0,0,0,Twitter for iPhone,@EmiratesSupport I have been living without my only luggage bag that I had bought along.. its 3rd day today and I‚Äôm bearing the costs for calling card and trying to contact the customer support and travelled to the airport couple kf time in the past 2days.. how is Emirates going to compensate it?
637,1035660486975651845,2022-10-17 15:22:14+00:00, ,1582029222943477760,en,1,0,0,0,Twitter for iPhone,@EmiratesSupport where is my bag üò°
638,361671182,2022-10-17 11:45:00+00:00, ,1581974554733268992,en,0,0,6,0,Twitter Web App,"@EmiratesSupport @Emirates247 @emirates 
Hello Emirates,
I flew with Emirates from India to Dubai on October 15, 2022, PNR: OL4Q6F, and did not receive my luggage from belt 13. DXBA706831 is the reference number. Emirates says it's not their responsibility."
639,2365319480,2022-10-17 11:42:24+00:00, ,1581973903727300613,en,0,0,0,0,Twitter for iPhone,@EmiratesSupport Thank you. @EmiratesSupport
640,2806384262,2022-10-17 08:24:19+00:00, ,1581924052947841026,en,0,0,0,0,Twitter for Android,"@EmiratesSupport All sorted now, I think there may have been some issues with the App last night. Thank you!"
641,1243164268385710080,2022-10-17 07:54:55+00:00, ,1581916653176356864,en,0,0,1,0,Twitter for iPhone,@EmiratesSupport can I bring baklava on my carry on luggage or will it be a problem because of the honey and/or syrup? TIA
642,1455970293466472457,2022-10-17 07:10:38+00:00, ,1581905510647107584,en,0,0,0,0,Twitter for iPhone,@EmiratesSupport The tedious complaint form. Thank you
643,370240266,2022-10-17 06:54:52+00:00, ,1581901542910984198,en,0,0,1,0,Twitter Web App,@EmiratesSupport I have not received my baggage after landing at Amsterdam airport on 14th October 1:15pm. This has seriously disrupted my travel and even after four days of landing there hasn‚Äôt been a definite response from Emirates. https://t.co/rWOZEL2PO2
644,145266965,2022-10-17 05:45:55+00:00, ,1581884190794346496,en,0,0,1,0,Twitter for Android,@EmiratesSupport Thank you
645,23993095,2022-10-17 04:55:52+00:00, ,1581871594833866752,en,0,0,0,0,Twitter for iPhone,@EmiratesSupport Ok great! Thank you!
646,23993095,2022-10-17 03:19:23+00:00, ,1581847314158989313,en,0,0,1,0,Twitter for iPhone,"@EmiratesSupport Yes I have read all this, but nowhere does it say what is classed as fully vaccinated - two initial vaccines or do you have to have had the booster as well? It doesn‚Äôt state anywhere what is classed as fully vaccinated‚Ä¶.thanks!"
647,546162080,2022-10-17 02:41:57+00:00,01bf5c1e56ac186d,1581837891726344192,en,0,0,1,0,Twitter for Android,"@EmiratesSupport hi.  I sent a query on bringing my cat on my flight.  How do I need to do that?  And I have a long flight.  Is there pet care at layover in Dubai and at destination?  I am working with a logistics company to do the paper work  routing is ruh dxb iad.
Thanks"
648,19380773,2022-10-17 01:52:28+00:00, ,1581825439311745024,en,2,0,2,0,Twitter for iPhone,@EmiratesSupport @EmiratesSupport @emirates pls give me a timeline on how long they will take to respond. I have been waiting over a month for my baggage and your teams do not have the courtesy to keep me posted on the status nor respond back to emails / calls.
649,119066102,2022-10-17 01:22:02+00:00, ,1581817779912515585,en,1,0,1,0,Twitter for Android,"@EmiratesSupport I'm in Bali, my luggage didn't arrive. Can you contact me ASAP?"
650,2806384262,2022-10-16 21:22:53+00:00, ,1581757597249867777,en,1,0,2,0,Twitter for Android,"@EmiratesSupport Hi I have an upcoming trip to Dubai on 5th November. I am trying to purchase seats on the app however, I'm getting the message that seat selection is not available on the flight however, yesterday I could see seats have been purchased. Please help!"
651,3376237803,2022-10-16 20:22:32+00:00, ,1581742410920755201,en,0,0,1,0,Twitter for iPad,@EmiratesSupport hello is the lounge open at Heathrow?
652,23993095,2022-10-16 19:46:39+00:00, ,1581733381024292865,en,0,0,1,0,Twitter for iPhone,"@EmiratesSupport good evening. What is classed as fully vaccinated please, travelling from the UK to Dubai? I can‚Äôt find this info online! Is it just your first two doses, or the booster as well? Thanks!"
653,2609172738,2022-10-16 17:57:12+00:00, ,1581705837193502727,en,0,0,0,0,Twitter for Android,@EmiratesSupport Thanks for the response. Have done that. Looking forward to a positive resolution.
654,340367543,2022-10-16 17:28:19+00:00, ,1581698565675499520,en,0,0,0,0,Twitter for iPhone,"@EmiratesSupport Just to let you know, it‚Äôs a waste of time to send it to customer relation team. They will not do anything. And they will delete it like what they did in the past."
655,145266965,2022-10-16 15:09:06+00:00, ,1581663532395159552,en,0,0,1,0,Twitter for iPad,@EmiratesSupport I am concerned by this email as I have made no contact with your airline at all https://t.co/aKqvDTPqkN
656,335793081,2022-10-16 14:51:59+00:00, ,1581659223825387520,en,0,0,1,0,Twitter Web App,@EmiratesSupport For 2 days I am seeing this.....I am doing something wrong? https://t.co/71zV3ZymEt
657,762951447747133441,2022-10-16 14:49:08+00:00, ,1581658507715059712,en,0,0,2,0,Twitter for iPhone,@EmiratesSupport hi I have a Kuala Lumpur - Orlando flight via Dubai &amp; JFK this friday. But I can‚Äôt find the cabin baggage allocation for the JFK - Orlando leg operated by @JetBlue. Where do I find this info?
658,408464003,2022-10-16 14:18:20+00:00, ,1581650754745475077,en,1,0,2,0,Twitter for iPhone,@EmiratesSupport need to book my pending ticket from Covid time.
659,733430990295556096,2022-10-16 09:59:02+00:00, ,1581585500095541248,en,0,0,1,0,Twitter for iPhone,"@EmiratesSupport  Need help to change surname in the ticket of Suraina MALIK to Suraina Kinha, who is flying with brother. The booked flight ticket PNR NO. - JEQC6N/NL6NJ2."
660,2365319480,2022-10-16 09:24:27+00:00, ,1581576795719360512,en,0,0,1,0,Twitter for iPhone,"@EmiratesSupport Dear team, I am travelling to India from UK the transit time in Dubai is just 1 hour and my wife is 20 weeks pregnant. I am just worried if this will be sufficient time for catch the connecting flight."
661,462064139,2022-10-16 08:00:06+00:00, ,1581555569441136640,en,1,0,0,0,Twitter for iPhone,@EmiratesSupport I have looked. Your response is awful. You cater for every religion and food preference but you won‚Äôt cater for a severe food allergy. Awful.
662,462064139,2022-10-16 07:58:39+00:00, ,1581555203618537472,en,0,0,0,0,Twitter for iPhone,"@EmiratesSupport You offer lots of different meals for different religious reasons and for diabetics, for customers wanting low salt, low fat etc etc. But nuts? Why can you not adapt for a #nutallergy?"
663,462064139,2022-10-16 07:53:28+00:00, ,1581553902251802625,en,0,0,0,0,Twitter for iPhone,@EmiratesSupport So swapping to pretzels is too difficult?         We will book with @British_Airways
664,462064139,2022-10-16 07:52:46+00:00, ,1581553723347652609,en,0,0,0,0,Twitter for iPhone,"@EmiratesSupport Reply: We serve nuts on all our flights, either as a meal ingredient or as an accompaniment to drinks. Other passengers may bring food on board that contains nuts, and traces of nut residue could be passed on to surfaces as well as through the air conditioning system."
665,136268587,2022-10-16 07:49:11+00:00, ,1581552822708903937,en,0,0,1,0,Twitter for iPhone,"@EmiratesSupport This is ridicules, despite this assurance from you and providing the details you have requested no one reached out yet. I think the aim is to forget the claim. Worst customer service ever."
666,23967578,2022-10-16 00:47:31+00:00, ,1581446709011709953,en,0,0,1,0,Twitter for iPhone,@EmiratesSupport NEVER WANT TO FLY THIS AIRLINES AGAIN! ü§¨üò°üò§
667,1966741567,2022-10-15 23:44:29+00:00, ,1581430845243465728,en,0,0,0,1,Twitter Web App,RT @AbbyHants: @EmiratesSupport hello we‚Äôre looking to fly to SA and Emirates has suitable flights. My son has a nut allergy and carries ep‚Ä¶
668,462064139,2022-10-15 22:59:33+00:00, ,1581419535173062656,en,3,0,2,1,Twitter for iPhone,@EmiratesSupport hello we‚Äôre looking to fly to SA and Emirates has suitable flights. My son has a nut allergy and carries epipens. Do you still not withdraw the sale of nuts during your flights? If this is the case we will fly with another airline.
669,1067844182,2022-10-15 22:38:23+00:00, ,1581414210533134341,en,0,0,1,0,Twitter Web App,@EmiratesSupport Hi guys may i bring around my ps5 onboard when i fly emirates?
670,207049394,2022-10-15 20:42:29+00:00, ,1581385042219061248,en,0,0,0,0,Twitter for iPhone,@EmiratesSupport Hi. I meep@on getting an error ‚ÄúIt seems like the details provided are already linked to an Emirates Skywards account. Please check and try again.‚Äù. I need assistance to sort this out please.
671,868132021901578241,2022-10-15 18:15:43+00:00, ,1581348106221731840,en,0,0,1,0,Twitter for Android,"@EmiratesSupport One more question, suppose if I used all the liquid fuel from lighter, in that case can I carry lighter to check-in or hand beg"
672,31373670,2022-10-15 14:09:59+00:00, ,1581286265189978113,en,0,0,1,0,Twitter for iPhone,"@EmiratesSupport hello. I am trying to leave feedback for a flight I was on, but I don‚Äôt know my ticket number to enter on the website. Are you able to let me know another way?"
673,1277599735076044800,2022-10-15 13:53:50+00:00, ,1581282204210319361,en,1,0,0,0,Twitter for Android,@EmiratesSupport @WestJet @TorontoPearson get your shit together! Help him out! https://t.co/HJhzHzqcDZ
674,2327625587,2022-10-15 12:00:47+00:00, ,1581253753096708096,en,0,0,1,0,Twitter for iPhone,"@EmiratesSupport  shame on you , 1 hours waiting in dubai airport to checkin , only 3 employees for to many passengers"
675,294322880,2022-10-15 11:29:55+00:00, ,1581245983463116800,en,0,0,0,0,Twitter for iPhone,@EmiratesSupport Fine. I‚Äôll resend the feedback via email. But can you check the feedback I‚Äôve shared via DM on my last trip? It‚Äôs still there with no response.
676,294322880,2022-10-15 10:50:55+00:00, ,1581236170373332992,en,0,0,1,0,Twitter for iPhone,@EmiratesSupport Literally in your DMs.
677,1109274661790076928,2022-10-15 10:49:49+00:00, ,1581235892814942209,en,0,0,1,0,Twitter for Android,"@EmiratesSupport hey there, my cousin is travelling from Italy to india via dubai, could you please tell me if he can carry both laptop bag and hand bag? And what's the maximum luggage limit he is travelling in economic class"
678,223186685,2022-10-15 08:31:55+00:00, ,1581201189659881473,en,0,0,1,0,Twitter Web App,@EmiratesSupport @emirates can't select seats for Flight EK087 / 17 Oct / DXB - ZRH . App &amp; Web shows error .. currently online check in is Open .. but error continue üò• .. any help from technical team ..plzz !! https://t.co/SKEaSXNBmW
679,736888100614340609,2022-10-15 08:04:10+00:00, ,1581194207519072257,en,0,0,1,0,Twitter for Android,@EmiratesSupport Any update please
680,295537506,2022-10-15 08:03:30+00:00, ,1581194039621464068,en,0,0,0,0,Twitter for iPhone,@EmiratesSupport Already done! Just gone so #poor used to be a supreme #service but not this time! #letdown
681,59572808,2022-10-15 01:26:57+00:00, ,1581094244491542528,en,1,0,1,0,Twitter for iPhone,@EmiratesSupport I had a bad flight to Milan.  Don‚Äôt see an email id to write to. Can I have an email ID please?
